"name","email","code"
"bubu","msm@msg.com","eng1"
"bubu","msm@msg.com","eng2"
"bubu","msm@msg.com","eng3"
"bubu","msmmsg.com","eng4"
"bubu","msmsg.com","eng5"
"bubu","msmsg@.com","eng6"
"bubu","msmsg@.com","eng7"
"bubu","msmsg@.com","eng8"
"bubu","msmsg@.com","eng9"
"bubu","msmsg@.com","eng10"
"bubu","msmsg@.com","eng11"
"bubu","msmsg@.com","eng12"
"bubu","msmmsg.com","eng13"
"bubu","msmmsg.com","eng14"
"bubu","msmmsg.com","eng15"
"bubu","msmms","eng16"
"momo","mumu@yahoo.com","eng17"
"mumu","nubu@yui","eng18"
"meme","eme@rtasr.com","eng19"
"mumu","nubu@yui","eng20"
"","","eng21"
"mumu","bubu@mail.com","eng22"
"m","a@b","eng23"
"m","a@b","eng24"
"m","a@b","eng25"
"m","a@b","eng26"
"m","a@b","eng27"
"m","a@b","eng28"
"mumu","bubu@mail.com","eng29"
"mumu","bubu@mail.com","eng30"
"","","eng31"
"asdas","asdasd@asd","eng32"
"","","eng33"
"asd","asd@asd","eng34"
"","","eng35"
"asd","asd@asd","eng36"
"","","eng37"
"asd","ase@asd","eng38"
"asd","ase@asd","eng39"
"","","eng40"
"asd","asd@asd","eng41"
"asd","asd@asd","eng42"
"","","eng43"
"marci","m@b.com","eng44"
"asdasd","asd@f","eng45"
"","","eng46"
"asd","asd@asd","eng47"
"","","eng48"
"asd","asd@asd","eng49"
"","","eng50"
"asdasd","asd@asd","eng51"
"asd","as@as","eng52"
"123","asd@s","eng53"
"as","sd@ds","eng54"
"","","eng55"
"asd","er@d","eng56"
"as","ds@r","eng57"
"asd","as@as","eng58"
"asd","as@as","eng59"
"s","d@d","eng60"
"asd","sd@asd","eng61"
"","","eng62"
"s","as@s","eng63"
"asd","asd@as","eng64"
"","","eng65"
"masd","ms@ms","eng66"
"asdasd","m@m.com","eng67"
"Test1","bhjbm@hjg.c","eng68"
"Ceci est un test","merci@dac.ccord","eng69"
"","","eng70"
"","","eng71"
